Date,Infectados,Rec,Suc,Total,Inm3,Inm2,Inm1
2021-01-01,4,0,30,34,0,0,0
2021-01-02,4,0,30,34,0,0,0
2021-01-03,3,0,31,34,0,0,0
2021-01-04,4,0,30,34,0,0,0
2021-01-05,4,0,30,34,0,0,0
2021-01-06,3,0,31,34,0,0,0
2021-01-07,2,0,32,34,0,0,0
2021-01-08,2,0,32,34,0,0,0
2021-01-09,2,0,32,34,0,0,0
2021-01-10,2,0,32,34,0,0,0
2021-01-11,3,0,31,34,0,0,0
2021-01-12,4,0,30,34,0,0,0
2021-01-13,3,0,31,34,0,0,0
2021-01-14,3,0,31,34,0,0,0
2021-01-15,3,0,31,34,0,0,0
2021-01-16,3,0,31,34,0,0,0
2021-01-17,3,0,31,34,0,0,0
2021-01-18,3,0,31,34,0,0,0
2021-01-19,3,0,31,34,0,0,0
2021-01-20,2,0,32,34,0,0,0
2021-01-21,2,0,32,34,0,0,0
2021-01-22,1,0,33,34,0,0,0
2021-01-23,1,0,33,34,0,0,0
2021-01-24,1,0,33,34,0,0,0
2021-01-25,1,0,33,34,0,0,0
2021-01-26,1,0,33,34,0,0,0
2021-01-27,1,0,33,34,0,0,0
2021-01-28,1,0,33,34,0,0,0
2021-01-29,1,0,33,34,0,0,0
2021-01-30,1,0,33,34,0,0,0
2021-01-31,1,0,33,34,0,0,0
2021-02-01,1,0,33,34,0,0,0
2021-02-02,1,0,33,34,0,0,0
2021-02-03,1,0,33,34,0,0,0
2021-02-16,0,1,33,34,1,0,0
2021-02-17,0,2,32,34,1,1,0
2021-02-18,0,2,32,34,0,1,1
2021-02-19,0,1,33,34,0,0,1
2021-02-23,1,0,33,34,0,0,0
2021-02-24,1,0,33,34,0,0,0
2021-02-25,1,0,33,34,0,0,0
2021-02-26,1,0,33,34,0,0,0
2021-02-27,1,0,33,34,0,0,0
2021-02-28,1,0,33,34,0,0,0
2021-03-01,1,0,33,34,0,0,0
2021-03-02,1,0,33,34,0,0,0
2021-03-03,1,0,33,34,0,0,0
2021-03-04,1,1,32,34,1,0,0
2021-03-05,1,1,32,34,0,1,0
2021-03-06,1,1,32,34,0,0,1
2021-03-07,2,0,32,34,0,0,0
2021-03-08,2,0,32,34,0,0,0
2021-03-09,2,0,32,34,0,0,0
2021-03-10,2,0,32,34,0,0,0
2021-03-11,2,0,32,34,0,0,0
2021-03-12,2,1,31,34,1,0,0
2021-03-13,2,1,31,34,0,1,0
2021-03-14,2,1,31,34,0,0,1
2021-03-15,2,0,32,34,0,0,0
2021-03-16,2,0,32,34,0,0,0
2021-03-17,2,0,32,34,0,0,0
2021-03-18,2,0,32,34,0,0,0
2021-03-19,2,0,32,34,0,0,0
2021-03-20,2,0,32,34,0,0,0
2021-03-21,2,0,32,34,0,0,0
2021-03-22,2,1,31,34,1,0,0
2021-03-23,2,1,31,34,0,1,0
2021-03-24,2,1,31,34,0,0,1
2021-03-25,3,0,31,34,0,0,0
2021-03-26,2,0,32,34,0,0,0
2021-03-27,2,0,32,34,0,0,0
2021-03-28,2,0,32,34,0,0,0
2021-03-29,2,0,32,34,0,0,0
2021-03-30,2,0,32,34,0,0,0
2021-03-31,2,0,32,34,0,0,0
2021-04-01,2,0,32,34,0,0,0
2021-04-02,2,0,32,34,0,0,0
2021-04-03,2,0,32,34,0,0,0
2021-04-04,2,0,32,34,0,0,0
2021-04-05,1,0,33,34,0,0,0
2021-04-06,1,0,33,34,0,0,0
2021-04-07,1,0,33,34,0,0,0
2021-04-08,1,0,33,34,0,0,0
2021-04-09,1,0,33,34,0,0,0
2021-04-10,1,0,33,34,0,0,0
2021-04-11,1,0,33,34,0,0,0
2021-04-12,1,0,33,34,0,0,0
2021-04-13,1,0,33,34,0,0,0
2021-04-14,1,0,33,34,0,0,0
2021-04-15,1,0,33,34,0,0,0
2021-04-16,1,0,33,34,0,0,0
2021-04-17,1,0,33,34,0,0,0
2021-04-18,1,0,33,34,0,0,0
2021-04-19,1,0,33,34,0,0,0
2021-04-20,1,0,33,34,0,0,0
2021-04-21,1,1,32,34,1,0,0
2021-04-22,1,1,32,34,0,1,0
2021-04-23,1,1,32,34,0,0,1
2021-04-24,1,0,33,34,0,0,0
2021-04-25,1,0,33,34,0,0,0
2021-04-26,1,0,33,34,0,0,0
2021-04-27,1,0,33,34,0,0,0
2021-04-28,1,0,33,34,0,0,0
2021-04-29,1,0,33,34,0,0,0
2021-04-30,1,0,33,34,0,0,0
2021-05-01,1,0,33,34,0,0,0
2021-05-02,1,0,33,34,0,0,0
2021-05-03,1,0,33,34,0,0,0
2021-05-04,1,0,33,34,0,0,0
2021-05-05,1,0,33,34,0,0,0
2021-05-06,1,0,33,34,0,0,0
2021-05-07,1,0,33,34,0,0,0
2021-05-08,1,0,33,34,0,0,0
2021-05-09,1,0,33,34,0,0,0
2021-05-10,1,0,33,34,0,0,0
2021-05-11,1,0,33,34,0,0,0
2021-05-12,1,1,32,34,1,0,0
2021-05-13,1,1,32,34,0,1,0
2021-05-14,1,1,32,34,0,0,1
2021-05-15,1,0,33,34,0,0,0
2021-05-16,1,0,33,34,0,0,0
2021-05-17,1,0,33,34,0,0,0
2021-05-18,1,0,33,34,0,0,0
2021-05-19,1,0,33,34,0,0,0
2021-05-20,1,0,33,34,0,0,0
2021-05-21,1,0,33,34,0,0,0
2021-05-22,1,0,33,34,0,0,0
2021-05-23,1,0,33,34,0,0,0
2021-05-24,1,0,33,34,0,0,0
2021-05-25,1,0,33,34,0,0,0
2021-05-26,1,0,33,34,0,0,0
2021-05-27,1,0,33,34,0,0,0
2021-05-28,1,0,33,34,0,0,0
2021-05-29,1,0,33,34,0,0,0
2021-05-30,1,0,33,34,0,0,0
2021-05-31,1,0,33,34,0,0,0
2021-06-01,1,0,33,34,0,0,0
2021-06-02,1,0,33,34,0,0,0
2021-06-03,1,0,33,34,0,0,0
2021-06-04,1,0,33,34,0,0,0
2021-06-05,1,0,33,34,0,0,0
2021-06-06,1,0,33,34,0,0,0
2021-06-07,1,0,33,34,0,0,0
2021-06-08,1,0,33,34,0,0,0
2021-06-09,1,0,33,34,0,0,0
2021-06-10,1,0,33,34,0,0,0
2021-06-11,1,0,33,34,0,0,0
2021-06-12,1,0,33,34,0,0,0
2021-06-13,1,0,33,34,0,0,0
2021-06-14,1,0,33,34,0,0,0
2021-06-15,1,0,33,34,0,0,0
2021-06-16,1,0,33,34,0,0,0
2021-06-17,1,0,33,34,0,0,0
2021-06-18,1,0,33,34,0,0,0
2021-06-19,1,0,33,34,0,0,0
2021-06-20,1,0,33,34,0,0,0
2021-06-21,1,0,33,34,0,0,0
2021-06-22,1,0,33,34,0,0,0
2021-06-23,1,0,33,34,0,0,0
2021-06-24,1,0,33,34,0,0,0
2021-06-25,1,0,33,34,0,0,0
2021-06-26,1,0,33,34,0,0,0
2021-06-27,1,0,33,34,0,0,0
2021-06-28,1,0,33,34,0,0,0
2021-06-29,1,0,33,34,0,0,0
2021-06-30,1,0,33,34,0,0,0
2021-07-01,1,0,33,34,0,0,0
2021-07-02,1,0,33,34,0,0,0
2021-07-03,1,0,33,34,0,0,0
2021-07-04,1,0,33,34,0,0,0
2021-07-05,1,0,33,34,0,0,0
2021-07-06,1,0,33,34,0,0,0
2021-07-07,1,0,33,34,0,0,0
2021-07-08,1,0,33,34,0,0,0
2021-07-09,1,0,33,34,0,0,0
2021-07-10,1,0,33,34,0,0,0
2021-07-11,1,0,33,34,0,0,0
2021-07-12,1,0,33,34,0,0,0
2021-07-13,1,0,33,34,0,0,0
2021-07-14,1,0,33,34,0,0,0
2021-07-15,1,0,33,34,0,0,0
2021-07-16,1,0,33,34,0,0,0
2021-07-17,1,0,33,34,0,0,0
2021-07-18,1,0,33,34,0,0,0
2021-07-19,1,0,33,34,0,0,0
2021-07-20,1,0,33,34,0,0,0
2021-07-21,1,0,33,34,0,0,0
2021-07-22,1,0,33,34,0,0,0
2021-07-23,1,0,33,34,0,0,0
2021-07-24,1,0,33,34,0,0,0
2021-07-25,1,0,33,34,0,0,0
2021-07-26,1,0,33,34,0,0,0
2021-07-27,1,0,33,34,0,0,0
2021-07-28,1,0,33,34,0,0,0
2021-07-29,1,0,33,34,0,0,0
2021-07-30,1,0,33,34,0,0,0
2021-07-31,1,0,33,34,0,0,0
2021-08-01,1,0,33,34,0,0,0
2021-08-02,1,0,33,34,0,0,0
2021-08-03,1,0,33,34,0,0,0
2021-08-04,1,1,32,34,1,0,0
2021-08-05,1,1,32,34,0,1,0
2021-08-06,1,1,32,34,0,0,1
2021-08-07,1,0,33,34,0,0,0
2021-08-08,1,0,33,34,0,0,0
2021-08-09,1,0,33,34,0,0,0
2021-08-10,1,0,33,34,0,0,0
2021-08-11,1,0,33,34,0,0,0
2021-08-12,1,0,33,34,0,0,0
2021-08-13,1,0,33,34,0,0,0
2021-08-14,1,0,33,34,0,0,0
2021-08-15,1,0,33,34,0,0,0
2021-08-16,1,0,33,34,0,0,0
2021-08-17,1,0,33,34,0,0,0
2021-08-18,1,0,33,34,0,0,0
2021-08-19,1,0,33,34,0,0,0
2021-08-20,1,0,33,34,0,0,0
2021-08-21,1,0,33,34,0,0,0
2021-08-22,1,0,33,34,0,0,0
2021-08-23,1,0,33,34,0,0,0
2021-08-24,1,0,33,34,0,0,0
2021-08-25,1,0,33,34,0,0,0
2021-08-26,1,0,33,34,0,0,0
2021-08-27,1,0,33,34,0,0,0
2021-08-28,1,0,33,34,0,0,0
2021-08-29,1,0,33,34,0,0,0
2021-08-30,1,0,33,34,0,0,0
2021-08-31,1,0,33,34,0,0,0
2021-09-01,1,0,33,34,0,0,0
2021-09-02,1,0,33,34,0,0,0
2021-09-03,1,0,33,34,0,0,0
2021-09-04,1,0,33,34,0,0,0
2021-09-05,1,0,33,34,0,0,0
2021-09-06,1,1,32,34,1,0,0
2021-09-07,1,1,32,34,0,1,0
2021-09-08,1,1,32,34,0,0,1
2021-09-09,2,0,32,34,0,0,0
2021-09-10,2,0,32,34,0,0,0
2021-09-11,2,0,32,34,0,0,0
2021-09-12,2,0,32,34,0,0,0
2021-09-13,2,0,32,34,0,0,0
2021-09-14,2,0,32,34,0,0,0
2021-09-15,2,0,32,34,0,0,0
2021-09-16,2,0,32,34,0,0,0
2021-09-17,2,0,32,34,0,0,0
2021-09-18,2,0,32,34,0,0,0
2021-09-19,2,0,32,34,0,0,0
2021-09-20,2,0,32,34,0,0,0
2021-09-21,2,0,32,34,0,0,0
2021-09-22,2,0,32,34,0,0,0
2021-09-23,2,0,32,34,0,0,0
2021-09-24,2,0,32,34,0,0,0
2021-09-25,2,0,32,34,0,0,0
2021-09-26,2,0,32,34,0,0,0
2021-09-27,2,0,32,34,0,0,0
2021-09-28,2,0,32,34,0,0,0
2021-09-29,2,0,32,34,0,0,0
2021-09-30,2,0,32,34,0,0,0
2021-10-01,2,0,32,34,0,0,0
2021-10-02,2,0,32,34,0,0,0
2021-10-03,2,0,32,34,0,0,0
2021-10-04,2,0,32,34,0,0,0
2021-10-05,2,0,32,34,0,0,0
2021-10-06,2,0,32,34,0,0,0
2021-10-07,2,0,32,34,0,0,0
2021-10-08,2,0,32,34,0,0,0
2021-10-09,2,0,32,34,0,0,0
2021-10-10,2,0,32,34,0,0,0
2021-10-11,2,0,32,34,0,0,0
2021-10-12,3,0,31,34,0,0,0
2021-10-13,2,0,32,34,0,0,0
2021-10-14,2,0,32,34,0,0,0
2021-10-15,2,0,32,34,0,0,0
2021-10-16,2,0,32,34,0,0,0
2021-10-17,2,0,32,34,0,0,0
2021-10-18,2,0,32,34,0,0,0
2021-10-19,2,0,32,34,0,0,0
2021-10-20,2,0,32,34,0,0,0
2021-10-21,2,0,32,34,0,0,0
2021-10-22,2,0,32,34,0,0,0
2021-10-23,2,0,32,34,0,0,0
2021-10-24,2,0,32,34,0,0,0
2021-10-25,2,0,32,34,0,0,0
2021-10-26,2,0,32,34,0,0,0
2021-10-27,2,0,32,34,0,0,0
2021-10-28,2,0,32,34,0,0,0
2021-10-29,2,0,32,34,0,0,0
2021-10-30,2,0,32,34,0,0,0
2021-10-31,2,0,32,34,0,0,0
2021-11-01,2,0,32,34,0,0,0
2021-11-02,2,0,32,34,0,0,0
2021-11-03,2,0,32,34,0,0,0
2021-11-04,2,0,32,34,0,0,0
2021-11-05,2,0,32,34,0,0,0
2021-11-06,2,0,32,34,0,0,0
2021-11-07,2,0,32,34,0,0,0
2021-11-08,2,0,32,34,0,0,0
2021-11-09,2,0,32,34,0,0,0
2021-11-10,2,0,32,34,0,0,0
2021-11-11,2,0,32,34,0,0,0
2021-11-12,2,0,32,34,0,0,0
2021-11-13,2,0,32,34,0,0,0
2021-11-14,2,0,32,34,0,0,0
2021-11-15,2,0,32,34,0,0,0
2021-11-16,2,0,32,34,0,0,0
2021-11-17,2,0,32,34,0,0,0
2021-11-18,2,0,32,34,0,0,0
2021-11-19,2,0,32,34,0,0,0
2021-11-20,2,0,32,34,0,0,0
2021-11-21,2,0,32,34,0,0,0
2021-11-22,2,0,32,34,0,0,0
2021-11-23,2,0,32,34,0,0,0
2021-11-24,2,0,32,34,0,0,0
2021-11-25,2,0,32,34,0,0,0
2021-11-26,2,0,32,34,0,0,0
2021-11-27,2,0,32,34,0,0,0
2021-11-28,2,0,32,34,0,0,0
2021-11-29,2,0,32,34,0,0,0
2021-11-30,2,0,32,34,0,0,0
2021-12-01,2,0,32,34,0,0,0
2021-12-02,3,0,31,34,0,0,0
2021-12-03,2,0,32,34,0,0,0
2021-12-04,2,0,32,34,0,0,0
2021-12-05,2,0,32,34,0,0,0
2021-12-06,2,0,32,34,0,0,0
2021-12-07,2,0,32,34,0,0,0
2021-12-08,2,0,32,34,0,0,0
2021-12-09,2,0,32,34,0,0,0
2021-12-10,2,0,32,34,0,0,0
2021-12-11,2,0,32,34,0,0,0
2021-12-12,2,0,32,34,0,0,0
2021-12-13,2,0,32,34,0,0,0
2021-12-14,2,0,32,34,0,0,0
2021-12-15,2,0,32,34,0,0,0
2021-12-16,2,0,32,34,0,0,0
2021-12-17,2,0,32,34,0,0,0
2021-12-18,2,0,32,34,0,0,0
2021-12-19,2,0,32,34,0,0,0
2021-12-20,2,0,32,34,0,0,0
2021-12-21,2,0,32,34,0,0,0
2021-12-22,2,0,32,34,0,0,0
2021-12-23,2,0,32,34,0,0,0
2021-12-24,2,0,32,34,0,0,0
2021-12-25,2,0,32,34,0,0,0
2021-12-26,2,0,32,34,0,0,0
2021-12-27,2,0,32,34,0,0,0
2021-12-28,2,0,32,34,0,0,0
2021-12-29,2,0,32,34,0,0,0
2021-12-30,2,0,32,34,0,0,0
2021-12-31,2,0,32,34,0,0,0
2022-01-01,9,0,25,34,0,0,0
2022-01-02,10,0,24,34,0,0,0
2022-01-03,9,0,25,34,0,0,0
2022-01-04,6,0,28,34,0,0,0
2022-01-05,6,0,28,34,0,0,0
2022-01-06,6,0,28,34,0,0,0
2022-01-07,5,0,29,34,0,0,0
2022-01-08,5,0,29,34,0,0,0
2022-01-09,5,0,29,34,0,0,0
2022-01-10,5,0,29,34,0,0,0
2022-01-11,5,0,29,34,0,0,0
2022-01-12,5,0,29,34,0,0,0
2022-01-13,5,1,28,34,1,0,0
2022-01-14,5,1,28,34,0,1,0
2022-01-15,5,1,28,34,0,0,1
2022-01-16,5,0,29,34,0,0,0
2022-01-17,4,0,30,34,0,0,0
2022-01-18,6,0,28,34,0,0,0
2022-01-19,6,0,28,34,0,0,0
2022-01-20,6,0,28,34,0,0,0
2022-01-21,8,0,26,34,0,0,0
2022-01-22,9,0,25,34,0,0,0
2022-01-23,8,0,26,34,0,0,0
2022-01-24,7,1,26,34,1,0,0
2022-01-25,7,1,26,34,0,1,0
2022-01-26,7,1,26,34,0,0,1
2022-01-27,8,0,26,34,0,0,0
2022-01-28,8,0,26,34,0,0,0
2022-01-29,8,0,26,34,0,0,0
2022-01-30,8,0,26,34,0,0,0
2022-01-31,8,0,26,34,0,0,0
2022-02-01,6,0,28,34,0,0,0
2022-02-02,6,0,28,34,0,0,0
2022-02-03,6,0,28,34,0,0,0
2022-02-04,6,0,28,34,0,0,0
2022-02-05,6,0,28,34,0,0,0
2022-02-06,6,0,28,34,0,0,0
2022-02-07,6,0,28,34,0,0,0
2022-02-08,5,0,29,34,0,0,0
2022-02-09,5,0,29,34,0,0,0
2022-02-10,5,0,29,34,0,0,0
2022-02-11,5,0,29,34,0,0,0
2022-02-12,5,0,29,34,0,0,0
2022-02-13,5,1,28,34,1,0,0
2022-02-14,5,4,25,34,3,1,0
2022-02-15,5,4,25,34,0,3,1
2022-02-16,6,3,25,34,0,0,3
2022-02-17,8,0,26,34,0,0,0
2022-02-18,8,0,26,34,0,0,0
2022-02-19,8,0,26,34,0,0,0
2022-02-20,8,0,26,34,0,0,0
2022-02-21,8,0,26,34,0,0,0
2022-02-22,9,0,25,34,0,0,0
2022-02-23,10,0,24,34,0,0,0
2022-02-24,9,0,25,34,0,0,0
2022-02-25,9,0,25,34,0,0,0
2022-02-26,9,0,25,34,0,0,0
2022-02-27,9,1,24,34,1,0,0
2022-02-28,9,1,24,34,0,1,0
2022-03-01,11,1,22,34,0,0,1
2022-03-02,12,0,22,34,0,0,0
2022-03-03,12,0,22,34,0,0,0
2022-03-04,13,0,21,34,0,0,0
2022-03-05,13,0,21,34,0,0,0
2022-03-06,13,0,21,34,0,0,0
2022-03-07,15,0,19,34,0,0,0
2022-03-08,15,0,19,34,0,0,0
2022-03-09,14,0,20,34,0,0,0
2022-03-10,13,0,21,34,0,0,0
2022-03-11,13,0,21,34,0,0,0
2022-03-12,13,0,21,34,0,0,0
2022-03-13,14,0,20,34,0,0,0
2022-03-14,13,0,21,34,0,0,0
2022-03-15,13,0,21,34,0,0,0
2022-03-16,10,0,24,34,0,0,0
2022-03-17,9,0,25,34,0,0,0
2022-03-18,9,0,25,34,0,0,0
2022-03-19,9,0,25,34,0,0,0
2022-03-20,9,0,25,34,0,0,0
2022-03-21,9,1,24,34,1,0,0
2022-03-22,9,1,24,34,0,1,0
2022-03-23,9,1,24,34,0,0,1
2022-03-24,10,0,24,34,0,0,0
2022-03-25,10,0,24,34,0,0,0
2022-03-26,10,0,24,34,0,0,0
2022-03-27,10,0,24,34,0,0,0
2022-03-28,9,0,25,34,0,0,0
2022-03-29,8,0,26,34,0,0,0
2022-03-30,8,0,26,34,0,0,0
2022-03-31,8,0,26,34,0,0,0
2022-04-01,7,0,27,34,0,0,0
2022-04-02,7,0,27,34,0,0,0
2022-04-03,7,0,27,34,0,0,0
2022-04-04,7,0,27,34,0,0,0
2022-04-05,7,0,27,34,0,0,0
2022-04-06,7,0,27,34,0,0,0
2022-04-07,7,0,27,34,0,0,0
2022-04-08,7,0,27,34,0,0,0
2022-04-09,7,0,27,34,0,0,0
2022-04-10,7,0,27,34,0,0,0
2022-04-11,7,0,27,34,0,0,0
2022-04-12,7,0,27,34,0,0,0
2022-04-13,7,0,27,34,0,0,0
2022-04-14,7,0,27,34,0,0,0
2022-04-15,7,0,27,34,0,0,0
2022-04-16,7,0,27,34,0,0,0
2022-04-17,7,0,27,34,0,0,0
2022-04-18,7,0,27,34,0,0,0
2022-04-19,7,0,27,34,0,0,0
2022-04-20,7,1,26,34,1,0,0
2022-04-21,7,1,26,34,0,1,0
2022-04-22,7,1,26,34,0,0,1
2022-04-23,7,0,27,34,0,0,0
2022-04-24,7,2,25,34,2,0,0
2022-04-25,7,4,23,34,2,2,0
2022-04-26,7,7,20,34,3,2,2
2022-04-27,8,6,20,34,1,3,2
2022-04-28,7,4,23,34,0,1,3
2022-04-29,9,1,24,34,0,0,1
2022-04-30,11,0,23,34,0,0,0
2022-05-01,9,0,25,34,0,0,0
2022-05-02,9,0,25,34,0,0,0
2022-05-03,8,0,26,34,0,0,0
2022-05-04,8,0,26,34,0,0,0
2022-05-05,8,0,26,34,0,0,0
2022-05-06,8,0,26,34,0,0,0
2022-05-07,9,0,25,34,0,0,0
2022-05-08,9,0,25,34,0,0,0
2022-05-09,11,1,22,34,1,0,0
2022-05-10,10,1,23,34,0,1,0
2022-05-11,13,1,20,34,0,0,1
2022-05-12,14,1,19,34,1,0,0
2022-05-13,13,1,20,34,0,1,0
2022-05-14,13,1,20,34,0,0,1
2022-05-15,14,1,19,34,1,0,0
2022-05-16,14,1,19,34,0,1,0
2022-05-17,15,1,18,34,0,0,1
2022-05-18,17,0,17,34,0,0,0
2022-05-19,17,2,15,34,2,0,0
2022-05-20,17,2,15,34,0,2,0
2022-05-21,17,2,15,34,0,0,2
2022-05-22,19,0,15,34,0,0,0
2022-05-23,19,0,15,34,0,0,0
2022-05-24,19,0,15,34,0,0,0
2022-05-25,19,0,15,34,0,0,0
2022-05-26,18,0,16,34,0,0,0
2022-05-27,17,0,17,34,0,0,0
2022-05-28,17,0,17,34,0,0,0
2022-05-29,17,0,17,34,0,0,0
2022-05-30,17,0,17,34,0,0,0
2022-05-31,17,0,17,34,0,0,0
2022-06-01,17,0,17,34,0,0,0
2022-06-02,17,0,17,34,0,0,0
2022-06-03,17,0,17,34,0,0,0
2022-06-04,17,0,17,34,0,0,0
2022-06-05,17,0,17,34,0,0,0
2022-06-06,17,0,17,34,0,0,0
2022-06-07,17,0,17,34,0,0,0
2022-06-08,17,0,17,34,0,0,0
2022-06-09,17,0,17,34,0,0,0
2022-06-10,17,0,17,34,0,0,0
2022-06-11,17,2,15,34,2,0,0
2022-06-12,17,2,15,34,0,2,0
2022-06-13,17,2,15,34,0,0,2
2022-06-14,19,1,14,34,1,0,0
2022-06-15,19,1,14,34,0,1,0
2022-06-16,20,1,13,34,0,0,1
2022-06-17,21,0,13,34,0,0,0
2022-06-18,21,0,13,34,0,0,0
2022-06-19,21,0,13,34,0,0,0
2022-06-20,21,1,12,34,1,0,0
2022-06-21,20,1,13,34,0,1,0
2022-06-22,20,1,13,34,0,0,1
2022-06-23,21,1,12,34,1,0,0
2022-06-24,21,1,12,34,0,1,0
2022-06-25,21,1,12,34,0,0,1
2022-06-26,22,0,12,34,0,0,0
2022-06-27,22,0,12,34,0,0,0
2022-06-28,22,0,12,34,0,0,0
2022-06-29,22,0,12,34,0,0,0
2022-06-30,22,0,12,34,0,0,0
2022-07-01,22,0,12,34,0,0,0
2022-07-02,22,0,12,34,0,0,0
2022-07-03,22,1,11,34,1,0,0
2022-07-04,22,1,11,34,0,1,0
2022-07-05,22,1,11,34,0,0,1
2022-07-06,23,1,10,34,1,0,0
2022-07-07,23,1,10,34,0,1,0
2022-07-08,23,1,10,34,0,0,1
2022-07-09,24,0,10,34,0,0,0
2022-07-10,24,0,10,34,0,0,0
2022-07-11,24,0,10,34,0,0,0
2022-07-12,24,0,10,34,0,0,0
2022-07-13,24,0,10,34,0,0,0
2022-07-14,24,0,10,34,0,0,0
2022-07-15,24,0,10,34,0,0,0
2022-07-16,24,0,10,34,0,0,0
2022-07-17,24,0,10,34,0,0,0
2022-07-18,24,0,10,34,0,0,0
2022-07-19,24,0,10,34,0,0,0
2022-07-20,24,0,10,34,0,0,0
2022-07-21,23,0,11,34,0,0,0
2022-07-22,23,0,11,34,0,0,0
2022-07-23,23,0,11,34,0,0,0
2022-07-24,23,0,11,34,0,0,0
2022-07-25,23,0,11,34,0,0,0
2022-07-26,22,0,12,34,0,0,0
2022-07-27,22,0,12,34,0,0,0
2022-07-28,22,0,12,34,0,0,0
2022-07-29,22,0,12,34,0,0,0
2022-07-30,22,0,12,34,0,0,0
2022-07-31,22,0,12,34,0,0,0
2022-08-01,21,1,12,34,1,0,0
2022-08-02,21,1,12,34,0,1,0
2022-08-03,21,1,12,34,0,0,1
2022-08-04,21,0,13,34,0,0,0
2022-08-05,21,0,13,34,0,0,0
2022-08-06,21,0,13,34,0,0,0
2022-08-07,21,0,13,34,0,0,0
2022-08-08,21,0,13,34,0,0,0
2022-08-09,21,0,13,34,0,0,0
2022-08-10,20,0,14,34,0,0,0
2022-08-11,20,0,14,34,0,0,0
2022-08-12,20,0,14,34,0,0,0
2022-08-13,20,0,14,34,0,0,0
2022-08-14,19,0,15,34,0,0,0
2022-08-15,19,0,15,34,0,0,0
2022-08-16,18,0,16,34,0,0,0
2022-08-17,18,0,16,34,0,0,0
2022-08-18,18,0,16,34,0,0,0
2022-08-19,18,0,16,34,0,0,0
2022-08-20,18,0,16,34,0,0,0
2022-08-21,18,0,16,34,0,0,0
2022-08-22,18,0,16,34,0,0,0
2022-08-23,18,0,16,34,0,0,0
2022-08-24,18,0,16,34,0,0,0
2022-08-25,18,0,16,34,0,0,0
2022-08-26,18,0,16,34,0,0,0
2022-08-27,18,0,16,34,0,0,0
2022-08-28,18,0,16,34,0,0,0
2022-08-29,18,2,14,34,2,0,0
2022-08-30,18,2,14,34,0,2,0
2022-08-31,18,2,14,34,0,0,2
2022-09-01,18,0,16,34,0,0,0
2022-09-02,18,0,16,34,0,0,0
2022-09-03,18,0,16,34,0,0,0
2022-09-04,18,0,16,34,0,0,0
2022-09-05,18,0,16,34,0,0,0
2022-09-06,18,1,15,34,1,0,0
2022-09-07,18,1,15,34,0,1,0
2022-09-08,18,1,15,34,0,0,1
2022-09-09,18,0,16,34,0,0,0
2022-09-10,18,0,16,34,0,0,0
2022-09-11,18,1,15,34,1,0,0
2022-09-12,18,1,15,34,0,1,0
2022-09-13,18,1,15,34,0,0,1
2022-09-14,19,0,15,34,0,0,0
2022-09-15,20,0,14,34,0,0,0
2022-09-16,20,0,14,34,0,0,0
2022-09-17,20,0,14,34,0,0,0
2022-09-18,20,0,14,34,0,0,0
2022-09-19,20,0,14,34,0,0,0
2022-09-20,20,0,14,34,0,0,0
2022-09-21,20,0,14,34,0,0,0
2022-09-22,20,1,13,34,1,0,0
2022-09-23,20,1,13,34,0,1,0
2022-09-24,20,1,13,34,0,0,1
2022-09-25,21,0,13,34,0,0,0
2022-09-26,21,1,12,34,1,0,0
2022-09-27,21,1,12,34,0,1,0
2022-09-28,21,1,12,34,0,0,1
2022-09-29,22,0,12,34,0,0,0
2022-09-30,22,0,12,34,0,0,0
2022-10-01,22,0,12,34,0,0,0
2022-10-02,22,0,12,34,0,0,0
2022-10-03,23,0,11,34,0,0,0
2022-10-04,23,0,11,34,0,0,0
2022-10-05,23,1,10,34,1,0,0
2022-10-06,23,1,10,34,0,1,0
2022-10-07,23,1,10,34,0,0,1
2022-10-08,24,0,10,34,0,0,0
2022-10-09,24,0,10,34,0,0,0
2022-10-10,24,0,10,34,0,0,0
2022-10-11,24,0,10,34,0,0,0
2022-10-12,24,0,10,34,0,0,0
2022-10-13,24,0,10,34,0,0,0
2022-10-14,24,0,10,34,0,0,0
2022-10-15,24,0,10,34,0,0,0
2022-10-16,24,0,10,34,0,0,0
2022-10-17,24,0,10,34,0,0,0
2022-10-18,24,0,10,34,0,0,0
2022-10-19,24,0,10,34,0,0,0
2022-10-20,24,1,9,34,1,0,0
2022-10-21,24,1,9,34,0,1,0
2022-10-22,24,1,9,34,0,0,1
2022-10-23,25,0,9,34,0,0,0
2022-10-24,24,0,10,34,0,0,0
2022-10-25,23,0,11,34,0,0,0
2022-10-26,23,0,11,34,0,0,0
2022-10-27,23,0,11,34,0,0,0
2022-10-28,23,0,11,34,0,0,0
2022-10-29,23,0,11,34,0,0,0
2022-10-30,23,0,11,34,0,0,0
2022-10-31,23,0,11,34,0,0,0
2022-11-01,23,0,11,34,0,0,0
2022-11-02,23,0,11,34,0,0,0
2022-11-03,23,0,11,34,0,0,0
2022-11-04,23,0,11,34,0,0,0
2022-11-05,23,0,11,34,0,0,0
2022-11-06,23,0,11,34,0,0,0
2022-11-07,23,0,11,34,0,0,0
2022-11-08,23,0,11,34,0,0,0
2022-11-09,23,0,11,34,0,0,0
2022-11-10,22,0,12,34,0,0,0
2022-11-11,22,0,12,34,0,0,0
2022-11-12,22,0,12,34,0,0,0
2022-11-13,22,0,12,34,0,0,0
2022-11-14,22,0,12,34,0,0,0
2022-11-15,22,0,12,34,0,0,0
2022-11-16,22,0,12,34,0,0,0
2022-11-17,22,0,12,34,0,0,0
2022-11-18,22,0,12,34,0,0,0
2022-11-19,22,0,12,34,0,0,0
2022-11-20,22,0,12,34,0,0,0
2022-11-21,22,0,12,34,0,0,0
2022-11-22,22,0,12,34,0,0,0
2022-11-23,22,0,12,34,0,0,0
2022-11-24,22,0,12,34,0,0,0
2022-11-25,22,0,12,34,0,0,0
2022-11-26,22,0,12,34,0,0,0
2022-11-27,22,0,12,34,0,0,0
2022-11-28,22,0,12,34,0,0,0
2022-11-29,22,0,12,34,0,0,0
2022-11-30,22,0,12,34,0,0,0
2022-12-01,22,0,12,34,0,0,0
2022-12-02,22,0,12,34,0,0,0
2022-12-03,22,0,12,34,0,0,0
2022-12-04,22,0,12,34,0,0,0
2022-12-05,22,0,12,34,0,0,0
2022-12-06,22,0,12,34,0,0,0
2022-12-07,22,0,12,34,0,0,0
2022-12-08,22,0,12,34,0,0,0
2022-12-09,22,0,12,34,0,0,0
2022-12-10,22,0,12,34,0,0,0
2022-12-11,22,0,12,34,0,0,0
2022-12-12,22,0,12,34,0,0,0
2022-12-13,21,0,13,34,0,0,0
2022-12-14,21,1,12,34,1,0,0
2022-12-15,21,1,12,34,0,1,0
2022-12-16,21,1,12,34,0,0,1
2022-12-17,21,0,13,34,0,0,0
2022-12-18,21,0,13,34,0,0,0
2022-12-19,21,0,13,34,0,0,0
2022-12-20,21,0,13,34,0,0,0
2022-12-21,21,0,13,34,0,0,0
2022-12-22,21,0,13,34,0,0,0
2022-12-23,21,0,13,34,0,0,0
2022-12-24,21,0,13,34,0,0,0
2022-12-25,21,0,13,34,0,0,0
2022-12-26,21,1,12,34,1,0,0
2022-12-27,21,1,12,34,0,1,0
2022-12-28,21,1,12,34,0,0,1
2022-12-29,21,0,13,34,0,0,0
2022-12-30,21,0,13,34,0,0,0
2022-12-31,21,0,13,34,0,0,0
2023-01-01,18,0,16,34,0,0,0
2023-01-02,18,0,16,34,0,0,0
2023-01-03,18,0,16,34,0,0,0
2023-01-04,18,0,16,34,0,0,0
2023-01-05,18,0,16,34,0,0,0
2023-01-06,16,0,18,34,0,0,0
2023-01-07,16,0,18,34,0,0,0
2023-01-08,16,0,18,34,0,0,0
2023-01-09,16,0,18,34,0,0,0
2023-01-10,16,0,18,34,0,0,0
2023-01-11,15,0,19,34,0,0,0
2023-01-12,15,0,19,34,0,0,0
2023-01-13,15,0,19,34,0,0,0
2023-01-14,15,0,19,34,0,0,0
2023-01-15,15,0,19,34,0,0,0
2023-01-16,15,0,19,34,0,0,0
2023-01-17,15,0,19,34,0,0,0
2023-01-18,15,0,19,34,0,0,0
2023-01-19,15,0,19,34,0,0,0
2023-01-20,15,0,19,34,0,0,0
2023-01-21,15,0,19,34,0,0,0
2023-01-22,15,0,19,34,0,0,0
2023-01-23,15,2,17,34,2,0,0
2023-01-24,15,2,17,34,0,2,0
2023-01-25,15,2,17,34,0,0,2
2023-01-26,17,0,17,34,0,0,0
2023-01-27,16,0,18,34,0,0,0
2023-01-28,16,0,18,34,0,0,0
2023-01-29,16,0,18,34,0,0,0
2023-01-30,16,0,18,34,0,0,0
2023-01-31,16,0,18,34,0,0,0
2023-02-01,16,0,18,34,0,0,0
2023-02-02,16,0,18,34,0,0,0
2023-02-03,15,0,19,34,0,0,0
2023-02-04,15,0,19,34,0,0,0
2023-02-05,15,0,19,34,0,0,0
2023-02-06,15,0,19,34,0,0,0
2023-02-07,15,0,19,34,0,0,0
2023-02-08,15,0,19,34,0,0,0
2023-02-09,15,1,18,34,1,0,0
2023-02-10,15,1,18,34,0,1,0
2023-02-11,15,4,15,34,3,0,1
2023-02-12,15,3,16,34,0,3,0
2023-02-13,15,3,16,34,0,0,3
2023-02-14,15,1,18,34,1,0,0
2023-02-15,15,1,18,34,0,1,0
2023-02-16,15,1,18,34,0,0,1
2023-02-17,15,0,19,34,0,0,0
2023-02-18,15,0,19,34,0,0,0
2023-02-19,15,0,19,34,0,0,0
2023-02-20,15,1,18,34,1,0,0
2023-02-21,16,2,16,34,1,1,0
2023-02-22,16,2,16,34,0,1,1
2023-02-23,17,1,16,34,0,0,1
2023-02-24,17,0,17,34,0,0,0
2023-02-25,17,0,17,34,0,0,0
2023-02-26,17,0,17,34,0,0,0
2023-02-27,17,0,17,34,0,0,0
2023-02-28,17,0,17,34,0,0,0
2023-03-01,17,0,17,34,0,0,0
2023-03-02,17,0,17,34,0,0,0
2023-03-03,16,0,18,34,0,0,0
2023-03-04,16,0,18,34,0,0,0
2023-03-05,16,0,18,34,0,0,0
2023-03-06,15,0,19,34,0,0,0
2023-03-07,15,0,19,34,0,0,0
2023-03-08,15,1,18,34,1,0,0
2023-03-09,18,1,15,34,0,1,0
2023-03-10,20,1,13,34,0,0,1
2023-03-11,21,0,13,34,0,0,0
2023-03-12,21,0,13,34,0,0,0
2023-03-13,21,0,13,34,0,0,0
2023-03-14,19,1,14,34,1,0,0
2023-03-15,20,1,13,34,0,1,0
2023-03-16,20,1,13,34,0,0,1
2023-03-17,21,0,13,34,0,0,0
2023-03-18,21,0,13,34,0,0,0
2023-03-19,21,0,13,34,0,0,0
2023-03-20,21,0,13,34,0,0,0
2023-03-21,20,0,14,34,0,0,0
2023-03-22,20,0,14,34,0,0,0
2023-03-23,19,0,15,34,0,0,0
2023-03-24,19,0,15,34,0,0,0
2023-03-25,19,0,15,34,0,0,0
2023-03-26,19,0,15,34,0,0,0
2023-03-27,19,0,15,34,0,0,0
2023-03-28,17,0,17,34,0,0,0
2023-03-29,17,0,17,34,0,0,0
2023-03-30,17,0,17,34,0,0,0
2023-03-31,17,0,17,34,0,0,0
2023-04-01,17,0,17,34,0,0,0
2023-04-02,17,0,17,34,0,0,0
2023-04-03,17,0,17,34,0,0,0
2023-04-04,17,0,17,34,0,0,0
2023-04-05,16,0,18,34,0,0,0
2023-04-06,16,0,18,34,0,0,0
2023-04-07,16,0,18,34,0,0,0
2023-04-08,16,0,18,34,0,0,0
2023-04-09,16,0,18,34,0,0,0
2023-04-10,16,0,18,34,0,0,0
2023-04-11,16,0,18,34,0,0,0
2023-04-12,15,0,19,34,0,0,0
2023-04-13,14,1,19,34,1,0,0
2023-04-14,13,1,20,34,0,1,0
2023-04-15,13,1,20,34,0,0,1
2023-04-16,14,0,20,34,0,0,0
2023-04-17,14,0,20,34,0,0,0
2023-04-18,14,0,20,34,0,0,0
2023-04-19,14,0,20,34,0,0,0
2023-04-20,14,0,20,34,0,0,0
2023-04-21,14,0,20,34,0,0,0
2023-04-22,14,0,20,34,0,0,0
2023-04-23,14,1,19,34,1,0,0
2023-04-24,14,1,19,34,0,1,0
2023-04-25,14,1,19,34,0,0,1
2023-04-26,14,0,20,34,0,0,0
2023-04-27,14,0,20,34,0,0,0
2023-04-28,14,0,20,34,0,0,0
2023-04-29,14,0,20,34,0,0,0
2023-04-30,14,0,20,34,0,0,0
2023-05-01,14,0,20,34,0,0,0
2023-05-02,14,0,20,34,0,0,0
2023-05-03,14,0,20,34,0,0,0
2023-05-04,14,1,19,34,1,0,0
2023-05-05,14,1,19,34,0,1,0
2023-05-06,14,1,19,34,0,0,1
2023-05-07,14,0,20,34,0,0,0
2023-05-08,14,1,19,34,1,0,0
2023-05-09,15,1,18,34,0,1,0
2023-05-10,15,1,18,34,0,0,1
2023-05-11,16,0,18,34,0,0,0
2023-05-12,16,0,18,34,0,0,0
2023-05-13,16,0,18,34,0,0,0
2023-05-14,16,0,18,34,0,0,0
2023-05-15,16,0,18,34,0,0,0
2023-05-16,17,1,16,34,1,0,0
2023-05-17,15,1,18,34,0,1,0
2023-05-18,15,1,18,34,0,0,1
2023-05-19,16,0,18,34,0,0,0
2023-05-20,16,0,18,34,0,0,0
2023-05-21,16,0,18,34,0,0,0
2023-05-22,16,0,18,34,0,0,0
2023-05-23,16,0,18,34,0,0,0
2023-05-24,16,0,18,34,0,0,0
2023-05-25,16,1,17,34,1,0,0
2023-05-26,16,1,17,34,0,1,0
2023-05-27,16,1,17,34,0,0,1
2023-05-28,17,0,17,34,0,0,0
2023-05-29,17,2,15,34,2,0,0
2023-05-30,16,1,17,34,0,1,0
2023-05-31,16,1,17,34,0,0,1
2023-06-01,17,0,17,34,0,0,0
2023-06-02,18,0,16,34,0,0,0
2023-06-03,18,0,16,34,0,0,0
2023-06-04,18,1,15,34,1,0,0
2023-06-05,18,1,15,34,0,1,0
2023-06-06,16,1,17,34,0,0,1
2023-06-07,16,0,18,34,0,0,0
2023-06-08,16,0,18,34,0,0,0
2023-06-09,16,0,18,34,0,0,0
2023-06-10,16,0,18,34,0,0,0
2023-06-11,16,0,18,34,0,0,0
2023-06-12,16,1,17,34,1,0,0
2023-06-13,15,1,18,34,0,1,0
2023-06-14,15,1,18,34,0,0,1
2023-06-15,16,2,16,34,2,0,0
2023-06-16,16,2,16,34,0,2,0
2023-06-17,16,2,16,34,0,0,2
2023-06-18,18,0,16,34,0,0,0
2023-06-19,18,0,16,34,0,0,0
2023-06-20,16,0,18,34,0,0,0
2023-06-21,16,0,18,34,0,0,0
2023-06-22,15,0,19,34,0,0,0
2023-06-23,15,0,19,34,0,0,0
2023-06-24,15,0,19,34,0,0,0
2023-06-25,15,0,19,34,0,0,0
2023-06-26,15,0,19,34,0,0,0
2023-06-27,15,0,19,34,0,0,0
2023-06-28,15,1,18,34,1,0,0
2023-06-29,15,1,18,34,0,1,0
2023-06-30,15,1,18,34,0,0,1
2023-07-01,16,0,18,34,0,0,0
2023-07-02,16,0,18,34,0,0,0
2023-07-03,16,0,18,34,0,0,0
2023-07-04,16,0,18,34,0,0,0
2023-07-05,16,0,18,34,0,0,0
2023-07-06,16,0,18,34,0,0,0
2023-07-07,16,0,18,34,0,0,0
2023-07-08,16,0,18,34,0,0,0
2023-07-09,16,0,18,34,0,0,0
2023-07-10,15,0,19,34,0,0,0
2023-07-11,15,0,19,34,0,0,0
2023-07-12,15,0,19,34,0,0,0
2023-07-13,14,2,18,34,2,0,0
2023-07-14,13,2,19,34,0,2,0
2023-07-15,13,2,19,34,0,0,2
2023-07-16,13,0,21,34,0,0,0
2023-07-17,13,0,21,34,0,0,0
2023-07-18,12,0,22,34,0,0,0
2023-07-19,11,0,23,34,0,0,0
2023-07-20,10,0,24,34,0,0,0
2023-07-21,10,0,24,34,0,0,0
2023-07-22,10,0,24,34,0,0,0
2023-07-23,10,0,24,34,0,0,0
2023-07-24,10,0,24,34,0,0,0
2023-07-25,10,0,24,34,0,0,0
2023-07-26,8,0,26,34,0,0,0
2023-07-27,8,0,26,34,0,0,0
2023-07-28,8,0,26,34,0,0,0
2023-07-29,8,0,26,34,0,0,0
2023-07-30,8,0,26,34,0,0,0
2023-07-31,8,1,25,34,1,0,0
2023-08-01,8,1,25,34,0,1,0
2023-08-02,8,2,24,34,1,0,1
2023-08-03,8,1,25,34,0,1,0
2023-08-04,8,1,25,34,0,0,1
2023-08-05,8,0,26,34,0,0,0
2023-08-06,8,2,24,34,2,0,0
2023-08-07,8,3,23,34,1,2,0
2023-08-08,8,3,23,34,0,1,2
2023-08-09,8,1,25,34,0,0,1
2023-08-10,8,0,26,34,0,0,0
2023-08-11,8,0,26,34,0,0,0
2023-08-12,8,0,26,34,0,0,0
2023-08-13,8,0,26,34,0,0,0
2023-08-14,8,0,26,34,0,0,0
2023-08-15,8,0,26,34,0,0,0
2023-08-16,8,0,26,34,0,0,0
2023-08-17,9,1,24,34,1,0,0
2023-08-18,9,1,24,34,0,1,0
2023-08-19,9,1,24,34,0,0,1
2023-08-20,9,0,25,34,0,0,0
2023-08-21,9,0,25,34,0,0,0
2023-08-22,10,0,24,34,0,0,0
2023-08-23,9,1,24,34,1,0,0
2023-08-24,10,1,23,34,0,1,0
2023-08-25,10,1,23,34,0,0,1
2023-08-26,11,0,23,34,0,0,0
2023-08-27,11,0,23,34,0,0,0
2023-08-28,10,1,23,34,1,0,0
2023-08-29,10,1,23,34,0,1,0
2023-08-30,10,1,23,34,0,0,1
2023-08-31,11,0,23,34,0,0,0
2023-09-01,11,0,23,34,0,0,0
2023-09-02,11,0,23,34,0,0,0
2023-09-03,11,0,23,34,0,0,0
2023-09-04,11,0,23,34,0,0,0
2023-09-05,11,2,21,34,2,0,0
2023-09-06,11,2,21,34,0,2,0
2023-09-07,11,3,20,34,1,0,2
2023-09-08,12,1,21,34,0,1,0
2023-09-09,12,1,21,34,0,0,1
2023-09-10,13,0,21,34,0,0,0
2023-09-11,12,1,21,34,1,0,0
2023-09-12,12,1,21,34,0,1,0
2023-09-13,12,1,21,34,0,0,1
2023-09-14,12,0,22,34,0,0,0
2023-09-15,12,0,22,34,0,0,0
2023-09-16,12,0,22,34,0,0,0
2023-09-17,12,0,22,34,0,0,0
2023-09-18,12,0,22,34,0,0,0
2023-09-19,12,0,22,34,0,0,0
2023-09-20,12,2,20,34,2,0,0
2023-09-21,12,2,20,34,1,1,0
2023-09-22,12,2,20,34,0,1,1
2023-09-23,13,1,20,34,0,0,1
2023-09-24,14,0,20,34,0,0,0
2023-09-25,14,0,20,34,0,0,0
2023-09-26,15,0,19,34,0,0,0
2023-09-27,15,0,19,34,0,0,0
2023-09-28,15,0,19,34,0,0,0
2023-09-29,15,0,19,34,0,0,0
2023-09-30,15,0,19,34,0,0,0
2023-10-01,15,0,19,34,0,0,0
2023-10-02,15,0,19,34,0,0,0
2023-10-03,15,1,18,34,1,0,0
2023-10-04,15,1,18,34,0,1,0
2023-10-05,15,1,18,34,0,0,1
2023-10-06,16,0,18,34,0,0,0
2023-10-07,16,0,18,34,0,0,0
2023-10-08,16,2,16,34,2,0,0
2023-10-09,16,2,16,34,0,2,0
2023-10-10,16,2,16,34,0,0,2
2023-10-11,16,0,18,34,0,0,0
2023-10-12,16,0,18,34,0,0,0
2023-10-13,16,0,18,34,0,0,0
2023-10-14,16,0,18,34,0,0,0
2023-10-15,16,0,18,34,0,0,0
2023-10-16,15,0,19,34,0,0,0
2023-10-17,15,0,19,34,0,0,0
2023-10-18,15,0,19,34,0,0,0
2023-10-19,15,0,19,34,0,0,0
2023-10-20,15,0,19,34,0,0,0
2023-10-21,15,0,19,34,0,0,0
2023-10-22,15,0,19,34,0,0,0
2023-10-23,15,0,19,34,0,0,0
2023-10-24,15,0,19,34,0,0,0
2023-10-25,15,0,19,34,0,0,0
2023-10-26,15,0,19,34,0,0,0
2023-10-27,16,0,18,34,0,0,0
2023-10-28,16,0,18,34,0,0,0
2023-10-29,16,0,18,34,0,0,0
2023-10-30,16,0,18,34,0,0,0
2023-10-31,16,0,18,34,0,0,0
2023-11-01,16,1,17,34,1,0,0
2023-11-02,16,1,17,34,0,1,0
2023-11-03,16,1,17,34,0,0,1
2023-11-04,16,0,18,34,0,0,0
2023-11-05,16,0,18,34,0,0,0
2023-11-06,16,0,18,34,0,0,0
2023-11-07,16,0,18,34,0,0,0
2023-11-08,16,0,18,34,0,0,0
2023-11-09,15,0,19,34,0,0,0
2023-11-10,14,0,20,34,0,0,0
2023-11-11,14,0,20,34,0,0,0
2023-11-12,14,0,20,34,0,0,0
2023-11-13,14,0,20,34,0,0,0
2023-11-14,14,0,20,34,0,0,0
2023-11-15,13,0,21,34,0,0,0
2023-11-16,13,0,21,34,0,0,0
2023-11-17,13,0,21,34,0,0,0
2023-11-18,13,0,21,34,0,0,0
2023-11-19,13,0,21,34,0,0,0
2023-11-20,13,1,20,34,1,0,0
2023-11-21,14,1,19,34,0,1,0
2023-11-22,14,1,19,34,0,0,1
2023-11-23,15,0,19,34,0,0,0
2023-11-24,15,0,19,34,0,0,0
2023-11-25,15,0,19,34,0,0,0
2023-11-26,15,1,18,34,1,0,0
2023-11-27,15,1,18,34,0,1,0
2023-11-28,15,1,18,34,0,0,1
2023-11-29,14,1,19,34,1,0,0
2023-11-30,13,1,20,34,0,1,0
2023-12-01,13,1,20,34,0,0,1
2023-12-02,13,0,21,34,0,0,0
2023-12-03,13,0,21,34,0,0,0
2023-12-04,13,0,21,34,0,0,0
2023-12-05,13,0,21,34,0,0,0
2023-12-06,13,0,21,34,0,0,0
2023-12-07,13,1,20,34,1,0,0
2023-12-08,12,1,21,34,0,1,0
2023-12-09,12,1,21,34,0,0,1
2023-12-10,12,0,22,34,0,0,0
2023-12-11,12,1,21,34,1,0,0
2023-12-12,12,1,21,34,0,1,0
2023-12-13,9,1,24,34,0,0,1
2023-12-14,9,0,25,34,0,0,0
2023-12-15,9,0,25,34,0,0,0
2023-12-16,8,0,26,34,0,0,0
2023-12-17,8,0,26,34,0,0,0
2023-12-18,8,0,26,34,0,0,0
2023-12-19,7,0,27,34,0,0,0
2023-12-20,7,0,27,34,0,0,0
2023-12-21,7,0,27,34,0,0,0
2023-12-22,7,0,27,34,0,0,0
2023-12-23,7,0,27,34,0,0,0
2023-12-24,7,0,27,34,0,0,0
2023-12-25,7,1,26,34,1,0,0
2023-12-26,6,1,27,34,0,1,0
2023-12-27,6,1,27,34,0,0,1
2023-12-28,6,0,28,34,0,0,0
2023-12-29,6,0,28,34,0,0,0
2023-12-30,6,0,28,34,0,0,0
2023-12-31,6,0,28,34,0,0,0
2024-01-01,4,0,30,34,0,0,0
2024-01-02,4,1,29,34,1,0,0
2024-01-03,4,1,29,34,0,1,0
2024-01-04,3,1,30,34,0,0,1
2024-01-05,3,0,31,34,0,0,0
2024-01-06,3,0,31,34,0,0,0
2024-01-07,3,0,31,34,0,0,0
2024-01-08,3,1,30,34,1,0,0
2024-01-09,3,1,30,34,0,1,0
2024-01-10,3,1,30,34,0,0,1
2024-01-11,3,0,31,34,0,0,0
2024-01-12,3,0,31,34,0,0,0
2024-01-13,3,0,31,34,0,0,0
2024-01-14,3,0,31,34,0,0,0
2024-01-15,3,0,31,34,0,0,0
2024-01-16,3,0,31,34,0,0,0
2024-01-17,3,1,30,34,1,0,0
2024-01-18,3,1,30,34,0,1,0
2024-01-19,3,1,30,34,0,0,1
2024-01-20,3,0,31,34,0,0,0
2024-01-21,3,0,31,34,0,0,0
2024-01-22,3,0,31,34,0,0,0
2024-01-23,3,2,29,34,2,0,0
2024-01-24,3,2,29,34,0,2,0
2024-01-25,4,2,28,34,0,0,2
2024-01-26,3,0,31,34,0,0,0
2024-01-27,3,0,31,34,0,0,0
2024-01-28,3,0,31,34,0,0,0
2024-01-29,3,0,31,34,0,0,0
2024-01-30,4,0,30,34,0,0,0
2024-01-31,4,2,28,34,2,0,0
2024-02-01,4,2,28,34,0,2,0
2024-02-02,4,2,28,34,0,0,2
2024-02-03,4,0,30,34,0,0,0
2024-02-04,4,0,30,34,0,0,0
2024-02-05,4,0,30,34,0,0,0
2024-02-06,4,0,30,34,0,0,0
2024-02-07,4,0,30,34,0,0,0
2024-02-08,5,0,29,34,0,0,0
2024-02-09,4,0,30,34,0,0,0
2024-02-10,4,0,30,34,0,0,0
2024-02-11,4,6,24,34,6,0,0
2024-02-12,4,6,24,34,0,6,0
2024-02-13,4,6,24,34,0,0,6
2024-02-14,5,1,28,34,1,0,0
2024-02-15,5,1,28,34,0,1,0
2024-02-16,5,1,28,34,0,0,1
2024-02-17,5,0,29,34,0,0,0
2024-02-18,5,0,29,34,0,0,0
2024-02-19,5,0,29,34,0,0,0
2024-02-20,5,0,29,34,0,0,0
2024-02-21,4,0,30,34,0,0,0
2024-02-22,3,0,31,34,0,0,0
2024-02-23,3,0,31,34,0,0,0
2024-02-24,3,0,31,34,0,0,0
2024-02-25,3,0,31,34,0,0,0
2024-02-26,3,0,31,34,0,0,0
2024-02-27,3,0,31,34,0,0,0
2024-02-28,3,0,31,34,0,0,0
2024-02-29,3,0,31,34,0,0,0
2024-03-01,2,0,32,34,0,0,0
2024-03-02,2,0,32,34,0,0,0
2024-03-03,2,0,32,34,0,0,0
2024-03-04,2,0,32,34,0,0,0
2024-03-05,2,0,32,34,0,0,0
2024-03-06,2,0,32,34,0,0,0
2024-03-07,2,1,31,34,1,0,0
2024-03-08,2,1,31,34,0,1,0
2024-03-09,2,1,31,34,0,0,1
2024-03-10,3,0,31,34,0,0,0
2024-03-11,3,0,31,34,0,0,0
2024-03-12,3,0,31,34,0,0,0
2024-03-13,3,0,31,34,0,0,0
2024-03-14,3,0,31,34,0,0,0
2024-03-15,3,0,31,34,0,0,0
2024-03-16,3,0,31,34,0,0,0
2024-03-17,3,0,31,34,0,0,0
2024-03-18,3,0,31,34,0,0,0
2024-03-19,3,1,30,34,1,0,0
2024-03-20,2,1,31,34,0,1,0
2024-03-21,2,1,31,34,0,0,1
2024-03-22,2,0,32,34,0,0,0
2024-03-23,2,0,32,34,0,0,0
2024-03-24,2,0,32,34,0,0,0
2024-03-25,2,0,32,34,0,0,0
2024-03-26,2,1,31,34,1,0,0
2024-03-27,2,1,31,34,0,1,0
2024-03-28,2,1,31,34,0,0,1
2024-03-29,2,0,32,34,0,0,0
2024-03-30,2,0,32,34,0,0,0
2024-03-31,2,0,32,34,0,0,0
2024-04-01,2,0,32,34,0,0,0
2024-04-02,2,0,32,34,0,0,0
2024-04-03,2,0,32,34,0,0,0
2024-04-04,2,0,32,34,0,0,0
2024-04-05,2,0,32,34,0,0,0
2024-04-06,2,0,32,34,0,0,0
2024-04-07,2,0,32,34,0,0,0
2024-04-08,2,0,32,34,0,0,0
2024-04-09,2,0,32,34,0,0,0
2024-04-10,2,0,32,34,0,0,0
2024-04-11,2,0,32,34,0,0,0
2024-04-12,2,0,32,34,0,0,0
2024-04-13,3,0,31,34,0,0,0
2024-04-14,3,0,31,34,0,0,0
2024-04-15,4,0,30,34,0,0,0
2024-04-16,4,1,29,34,1,0,0
2024-04-17,4,1,29,34,0,1,0
2024-04-18,4,1,29,34,0,0,1
2024-04-19,4,0,30,34,0,0,0
2024-04-20,3,0,31,34,0,0,0
2024-04-21,3,0,31,34,0,0,0
2024-04-22,3,0,31,34,0,0,0
2024-04-23,3,0,31,34,0,0,0
2024-04-24,3,0,31,34,0,0,0
2024-04-25,3,1,30,34,1,0,0
2024-04-26,3,1,30,34,0,1,0
2024-04-27,3,1,30,34,0,0,1
2024-04-28,3,0,31,34,0,0,0
2024-04-29,3,0,31,34,0,0,0
2024-04-30,3,0,31,34,0,0,0
2024-05-01,3,0,31,34,0,0,0
2024-05-02,3,0,31,34,0,0,0
2024-05-03,3,0,31,34,0,0,0
2024-05-04,3,0,31,34,0,0,0
2024-05-05,3,0,31,34,0,0,0
2024-05-06,3,1,30,34,1,0,0
2024-05-07,3,3,28,34,2,1,0
2024-05-08,3,3,28,34,0,2,1
2024-05-09,4,2,28,34,0,0,2
2024-05-10,5,0,29,34,0,0,0
2024-05-11,5,0,29,34,0,0,0
2024-05-12,5,0,29,34,0,0,0
2024-05-13,5,0,29,34,0,0,0
2024-05-14,4,0,30,34,0,0,0
2024-05-15,4,0,30,34,0,0,0
2024-05-16,4,0,30,34,0,0,0
2024-05-17,4,0,30,34,0,0,0
2024-05-18,4,0,30,34,0,0,0
2024-05-19,4,0,30,34,0,0,0
2024-05-20,4,0,30,34,0,0,0
2024-05-21,4,0,30,34,0,0,0
2024-05-22,4,0,30,34,0,0,0
2024-05-23,4,0,30,34,0,0,0
2024-05-24,4,0,30,34,0,0,0
2024-05-25,4,0,30,34,0,0,0
2024-05-26,4,0,30,34,0,0,0
2024-05-27,4,0,30,34,0,0,0
2024-05-28,4,0,30,34,0,0,0
2024-05-29,4,0,30,34,0,0,0
2024-05-30,4,0,30,34,0,0,0
2024-05-31,4,0,30,34,0,0,0
2024-06-01,4,0,30,34,0,0,0
2024-06-02,4,0,30,34,0,0,0
2024-06-03,4,0,30,34,0,0,0
2024-06-04,4,0,30,34,0,0,0
2024-06-05,4,0,30,34,0,0,0
2024-06-06,4,0,30,34,0,0,0
2024-06-07,4,0,30,34,0,0,0
2024-06-08,4,0,30,34,0,0,0
2024-06-09,4,0,30,34,0,0,0
2024-06-10,4,0,30,34,0,0,0
2024-06-11,5,0,29,34,0,0,0
2024-06-12,4,0,30,34,0,0,0
2024-06-13,5,0,29,34,0,0,0
2024-06-14,5,0,29,34,0,0,0
2024-06-15,5,0,29,34,0,0,0
2024-06-16,5,0,29,34,0,0,0
2024-06-17,5,0,29,34,0,0,0
2024-06-18,5,0,29,34,0,0,0
2024-06-19,5,0,29,34,0,0,0
2024-06-20,4,0,30,34,0,0,0
2024-06-21,4,0,30,34,0,0,0
2024-06-22,4,0,30,34,0,0,0
2024-06-23,4,0,30,34,0,0,0
2024-06-24,4,0,30,34,0,0,0
2024-06-25,4,0,30,34,0,0,0
2024-06-26,4,0,30,34,0,0,0
2024-06-27,4,0,30,34,0,0,0
2024-06-28,4,0,30,34,0,0,0
2024-06-29,4,0,30,34,0,0,0
2024-06-30,4,1,29,34,1,0,0
2024-07-01,4,1,29,34,0,1,0
2024-07-02,3,1,30,34,0,0,1
2024-07-03,4,0,30,34,0,0,0
2024-07-04,4,0,30,34,0,0,0
2024-07-05,4,0,30,34,0,0,0
2024-07-06,4,0,30,34,0,0,0
2024-07-07,5,0,29,34,0,0,0
2024-07-08,5,0,29,34,0,0,0
2024-07-09,5,0,29,34,0,0,0
2024-07-10,5,0,29,34,0,0,0
2024-07-11,3,1,30,34,1,0,0
2024-07-12,3,1,30,34,0,1,0
2024-07-13,2,1,31,34,0,0,1
2024-07-14,3,0,31,34,0,0,0
2024-07-15,3,0,31,34,0,0,0
2024-07-16,3,0,31,34,0,0,0
2024-07-17,3,0,31,34,0,0,0
2024-07-18,3,0,31,34,0,0,0
2024-07-19,3,0,31,34,0,0,0
2024-07-20,3,0,31,34,0,0,0
2024-07-21,3,0,31,34,0,0,0
2024-07-22,3,0,31,34,0,0,0
2024-07-23,3,0,31,34,0,0,0
2024-07-24,3,0,31,34,0,0,0
2024-07-25,3,0,31,34,0,0,0
2024-07-26,3,0,31,34,0,0,0
2024-07-27,3,0,31,34,0,0,0
2024-07-28,3,0,31,34,0,0,0
2024-07-29,3,1,30,34,1,0,0
2024-07-30,3,1,30,34,0,1,0
2024-07-31,3,1,30,34,0,0,1
2024-08-01,3,0,31,34,0,0,0
2024-08-02,3,0,31,34,0,0,0
2024-08-03,3,0,31,34,0,0,0
2024-08-04,3,0,31,34,0,0,0
2024-08-05,4,0,30,34,0,0,0
2024-08-06,3,0,31,34,0,0,0
2024-08-07,3,0,31,34,0,0,0
2024-08-08,3,0,31,34,0,0,0
2024-08-09,3,0,31,34,0,0,0
2024-08-10,3,0,31,34,0,0,0
2024-08-11,3,0,31,34,0,0,0
2024-08-12,3,0,31,34,0,0,0
2024-08-13,3,0,31,34,0,0,0
2024-08-14,3,0,31,34,0,0,0
2024-08-15,3,0,31,34,0,0,0
2024-08-16,3,0,31,34,0,0,0
2024-08-17,3,0,31,34,0,0,0
2024-08-18,3,0,31,34,0,0,0
2024-08-19,3,1,30,34,1,0,0
2024-08-20,3,2,29,34,1,1,0
2024-08-21,3,4,27,34,2,1,1
2024-08-22,3,3,28,34,0,2,1
2024-08-23,4,2,28,34,0,0,2
2024-08-24,4,0,30,34,0,0,0
2024-08-25,4,0,30,34,0,0,0
2024-08-26,4,0,30,34,0,0,0
2024-08-27,4,0,30,34,0,0,0
2024-08-28,4,0,30,34,0,0,0
2024-08-29,4,0,30,34,0,0,0
2024-08-30,4,0,30,34,0,0,0
2024-08-31,4,0,30,34,0,0,0
2024-09-01,4,0,30,34,0,0,0
2024-09-02,4,0,30,34,0,0,0
2024-09-03,4,0,30,34,0,0,0
2024-09-04,4,0,30,34,0,0,0
2024-09-05,4,0,30,34,0,0,0
2024-09-06,4,0,30,34,0,0,0
2024-09-07,4,0,30,34,0,0,0
2024-09-08,4,0,30,34,0,0,0
2024-09-09,4,0,30,34,0,0,0
2024-09-10,4,0,30,34,0,0,0
2024-09-11,4,0,30,34,0,0,0
2024-09-12,4,0,30,34,0,0,0
2024-09-13,4,0,30,34,0,0,0
2024-09-14,4,0,30,34,0,0,0
2024-09-15,4,0,30,34,0,0,0
2024-09-16,4,0,30,34,0,0,0
2024-09-17,4,1,29,34,1,0,0
2024-09-18,4,1,29,34,0,1,0
2024-09-19,3,1,30,34,0,0,1
2024-09-20,3,0,31,34,0,0,0
2024-09-21,3,0,31,34,0,0,0
2024-09-22,3,0,31,34,0,0,0
2024-09-23,3,0,31,34,0,0,0
2024-09-24,3,0,31,34,0,0,0
2024-09-25,3,0,31,34,0,0,0
2024-09-26,3,0,31,34,0,0,0
2024-09-27,3,0,31,34,0,0,0
2024-09-28,3,0,31,34,0,0,0
2024-09-29,3,0,31,34,0,0,0
2024-09-30,3,0,31,34,0,0,0
2024-10-01,3,0,31,34,0,0,0
2024-10-02,3,0,31,34,0,0,0
2024-10-03,3,0,31,34,0,0,0
2024-10-04,3,0,31,34,0,0,0
2024-10-05,3,0,31,34,0,0,0
2024-10-06,3,0,31,34,0,0,0
2024-10-07,3,0,31,34,0,0,0
2024-10-08,3,0,31,34,0,0,0
2024-10-09,3,0,31,34,0,0,0
2024-10-10,3,0,31,34,0,0,0
2024-10-11,3,0,31,34,0,0,0
2024-10-12,3,0,31,34,0,0,0
2024-10-13,3,0,31,34,0,0,0
2024-10-14,3,0,31,34,0,0,0
2024-10-15,3,0,31,34,0,0,0
2024-10-16,3,0,31,34,0,0,0
2024-10-17,3,0,31,34,0,0,0
2024-10-18,3,0,31,34,0,0,0
2024-10-19,3,0,31,34,0,0,0
2024-10-20,3,0,31,34,0,0,0
2024-10-21,3,1,30,34,1,0,0
2024-10-22,3,1,30,34,0,1,0
2024-10-23,3,1,30,34,0,0,1
2024-10-24,3,0,31,34,0,0,0
2024-10-25,4,0,30,34,0,0,0
2024-10-26,4,0,30,34,0,0,0
2024-10-27,3,0,31,34,0,0,0
2024-10-28,3,0,31,34,0,0,0
2024-10-29,4,0,30,34,0,0,0
2024-10-30,4,1,29,34,1,0,0
2024-10-31,4,1,29,34,0,1,0
2024-11-01,3,1,30,34,0,0,1
2024-11-02,3,0,31,34,0,0,0
2024-11-03,3,0,31,34,0,0,0
2024-11-04,3,0,31,34,0,0,0
2024-11-05,3,0,31,34,0,0,0
2024-11-06,3,0,31,34,0,0,0
2024-11-07,3,0,31,34,0,0,0
2024-11-08,3,0,31,34,0,0,0
2024-11-09,3,0,31,34,0,0,0
2024-11-10,3,0,31,34,0,0,0
2024-11-11,3,0,31,34,0,0,0
2024-11-12,3,0,31,34,0,0,0
2024-11-13,2,0,32,34,0,0,0
2024-11-14,2,0,32,34,0,0,0
2024-11-15,2,0,32,34,0,0,0
2024-11-16,2,0,32,34,0,0,0
2024-11-17,2,0,32,34,0,0,0
2024-11-18,2,0,32,34,0,0,0
2024-11-19,2,0,32,34,0,0,0
2024-11-20,2,0,32,34,0,0,0
2024-11-21,3,0,31,34,0,0,0
2024-11-22,3,0,31,34,0,0,0
2024-11-23,3,0,31,34,0,0,0
2024-11-24,3,0,31,34,0,0,0
2024-11-25,3,0,31,34,0,0,0
2024-11-26,3,0,31,34,0,0,0
2024-11-27,3,0,31,34,0,0,0
2024-11-28,3,0,31,34,0,0,0
2024-11-29,2,0,32,34,0,0,0
2024-11-30,2,0,32,34,0,0,0
2024-12-01,2,0,32,34,0,0,0
2024-12-02,2,0,32,34,0,0,0
2024-12-03,2,1,31,34,1,0,0
2024-12-04,2,2,30,34,1,1,0
2024-12-05,2,2,30,34,0,1,1
2024-12-06,2,1,31,34,0,0,1
2024-12-07,2,0,32,34,0,0,0
2024-12-08,2,0,32,34,0,0,0
2024-12-09,2,0,32,34,0,0,0
2024-12-10,2,0,32,34,0,0,0
2024-12-11,2,0,32,34,0,0,0
2024-12-12,2,1,31,34,1,0,0
2024-12-13,2,1,31,34,0,1,0
2024-12-14,2,1,31,34,0,0,1
2024-12-15,2,0,32,34,0,0,0
2024-12-16,3,1,30,34,1,0,0
2024-12-17,5,2,27,34,1,1,0
2024-12-18,3,2,29,34,0,1,1
2024-12-19,3,1,30,34,0,0,1
2024-12-20,3,0,31,34,0,0,0
2024-12-21,3,0,31,34,0,0,0
2024-12-22,3,0,31,34,0,0,0
2024-12-23,3,0,31,34,0,0,0
2024-12-24,3,0,31,34,0,0,0
2024-12-25,3,0,31,34,0,0,0
2024-12-26,3,0,31,34,0,0,0
2024-12-27,3,0,31,34,0,0,0
2024-12-28,3,0,31,34,0,0,0
2024-12-29,3,0,31,34,0,0,0
2024-12-30,3,0,31,34,0,0,0
2024-12-31,3,0,31,34,0,0,0
2025-01-01,7,0,27,34,0,0,0
2025-01-02,6,0,28,34,0,0,0
2025-01-03,7,0,27,34,0,0,0
2025-01-04,7,0,27,34,0,0,0
2025-01-05,7,0,27,34,0,0,0
2025-01-06,6,0,28,34,0,0,0
2025-01-07,6,0,28,34,0,0,0
2025-01-08,5,0,29,34,0,0,0
2025-01-09,5,0,29,34,0,0,0
2025-01-10,6,0,28,34,0,0,0
2025-01-11,6,0,28,34,0,0,0
2025-01-12,6,0,28,34,0,0,0
2025-01-13,6,1,27,34,1,0,0
2025-01-14,5,1,28,34,0,1,0
2025-01-15,5,1,28,34,0,0,1
2025-01-16,6,0,28,34,0,0,0
2025-01-17,4,0,30,34,0,0,0
2025-01-18,4,0,30,34,0,0,0
2025-01-19,4,0,30,34,0,0,0
2025-01-20,4,0,30,34,0,0,0
2025-01-21,4,0,30,34,0,0,0
2025-01-22,4,0,30,34,0,0,0
2025-01-23,3,0,31,34,0,0,0
2025-01-24,3,0,31,34,0,0,0
2025-01-25,3,0,31,34,0,0,0
2025-01-26,4,0,30,34,0,0,0
2025-01-27,5,0,29,34,0,0,0
2025-01-28,5,0,29,34,0,0,0
2025-01-29,5,0,29,34,0,0,0
2025-01-30,4,0,30,34,0,0,0
2025-01-31,4,0,30,34,0,0,0
2025-02-01,4,0,30,34,0,0,0
2025-02-02,5,0,29,34,0,0,0
2025-02-03,5,1,28,34,1,0,0
2025-02-04,5,1,28,34,0,1,0
2025-02-05,5,1,28,34,0,0,1
2025-02-06,6,0,28,34,0,0,0
2025-02-07,6,0,28,34,0,0,0
2025-02-08,6,0,28,34,0,0,0
2025-02-09,6,0,28,34,0,0,0
2025-02-10,6,0,28,34,0,0,0
2025-02-11,6,0,28,34,0,0,0
2025-02-12,6,0,28,34,0,0,0
2025-02-13,7,0,27,34,0,0,0
2025-02-14,7,0,27,34,0,0,0
2025-02-15,7,0,27,34,0,0,0
2025-02-16,7,0,27,34,0,0,0
2025-02-17,7,0,27,34,0,0,0
2025-02-18,7,0,27,34,0,0,0
2025-02-19,7,0,27,34,0,0,0
2025-02-20,7,0,27,34,0,0,0
2025-02-21,7,0,27,34,0,0,0
2025-02-22,7,0,27,34,0,0,0
2025-02-23,7,0,27,34,0,0,0
2025-02-24,9,2,23,34,2,0,0
2025-02-25,8,3,23,34,1,2,0
2025-02-26,8,3,23,34,0,1,2
2025-02-27,8,1,25,34,0,0,1
2025-02-28,8,0,26,34,0,0,0
2025-03-01,8,0,26,34,0,0,0
2025-03-02,7,0,27,34,0,0,0
2025-03-03,7,0,27,34,0,0,0
2025-03-04,8,0,26,34,0,0,0
2025-03-05,7,0,27,34,0,0,0
2025-03-06,7,0,27,34,0,0,0
2025-03-07,6,0,28,34,0,0,0
2025-03-08,6,0,28,34,0,0,0
2025-03-09,6,0,28,34,0,0,0
2025-03-10,9,0,25,34,0,0,0
2025-03-11,7,0,27,34,0,0,0
2025-03-12,6,1,27,34,1,0,0
2025-03-13,6,1,27,34,0,1,0
2025-03-14,6,1,27,34,0,0,1
2025-03-15,7,0,27,34,0,0,0
2025-03-16,7,1,26,34,1,0,0
2025-03-17,7,2,25,34,1,1,0
2025-03-18,7,2,25,34,0,1,1
2025-03-19,7,1,26,34,0,0,1
2025-03-20,7,0,27,34,0,0,0
2025-03-21,7,0,27,34,0,0,0
2025-03-22,7,0,27,34,0,0,0
2025-03-23,7,1,26,34,1,0,0
2025-03-24,7,2,25,34,1,1,0
2025-03-25,7,2,25,34,0,1,1
2025-03-26,8,2,24,34,1,0,1
2025-03-27,8,1,25,34,0,1,0
2025-03-28,8,1,25,34,0,0,1
2025-03-29,9,0,25,34,0,0,0
2025-03-30,9,0,25,34,0,0,0
2025-03-31,9,0,25,34,0,0,0
2025-04-01,9,0,25,34,0,0,0
2025-04-02,9,0,25,34,0,0,0
2025-04-03,9,0,25,34,0,0,0
2025-04-04,14,0,20,34,0,0,0
2025-04-05,14,0,20,34,0,0,0
2025-04-06,14,0,20,34,0,0,0
2025-04-07,14,0,20,34,0,0,0
2025-04-08,14,0,20,34,0,0,0
2025-04-09,10,0,24,34,0,0,0
2025-04-10,10,0,24,34,0,0,0
2025-04-11,10,0,24,34,0,0,0
2025-04-12,10,1,23,34,1,0,0
2025-04-13,10,1,23,34,0,1,0
2025-04-14,10,1,23,34,0,0,1
2025-04-15,11,0,23,34,0,0,0
2025-04-16,11,0,23,34,0,0,0
2025-04-17,11,0,23,34,0,0,0
2025-04-18,11,0,23,34,0,0,0
2025-04-19,11,0,23,34,0,0,0
2025-04-20,11,0,23,34,0,0,0
2025-04-21,11,1,22,34,1,0,0
2025-04-22,11,1,22,34,0,1,0
2025-04-23,11,1,22,34,0,0,1
2025-04-24,11,1,22,34,1,0,0
2025-04-25,11,1,22,34,0,1,0
2025-04-26,11,1,22,34,0,0,1
2025-04-27,12,1,21,34,1,0,0
2025-04-28,11,1,22,34,0,1,0
2025-04-29,11,1,22,34,0,0,1
2025-04-30,12,0,22,34,0,0,0
2025-05-01,12,0,22,34,0,0,0
2025-05-02,12,0,22,34,0,0,0
2025-05-03,12,0,22,34,0,0,0
2025-05-04,12,0,22,34,0,0,0
2025-05-05,12,0,22,34,0,0,0
2025-05-06,12,0,22,34,0,0,0
2025-05-07,12,0,22,34,0,0,0
2025-05-08,11,0,23,34,0,0,0
2025-05-09,11,0,23,34,0,0,0
2025-05-10,11,0,23,34,0,0,0
2025-05-11,11,0,23,34,0,0,0
2025-05-12,11,0,23,34,0,0,0
2025-05-13,11,0,23,34,0,0,0
2025-05-14,11,0,23,34,0,0,0
2025-05-15,11,0,23,34,0,0,0
2025-05-16,11,0,23,34,0,0,0
2025-05-17,11,0,23,34,0,0,0
2025-05-18,11,0,23,34,0,0,0
2025-05-19,11,1,22,34,1,0,0
2025-05-20,11,2,21,34,1,1,0
2025-05-21,11,2,21,34,0,1,1
2025-05-22,12,2,20,34,1,0,1
2025-05-23,12,1,21,34,0,1,0
2025-05-24,12,1,21,34,0,0,1
2025-05-25,12,0,22,34,0,0,0
2025-05-26,12,0,22,34,0,0,0
2025-05-27,12,0,22,34,0,0,0
2025-05-28,12,0,22,34,0,0,0
2025-05-29,12,0,22,34,0,0,0
2025-05-30,12,0,22,34,0,0,0
2025-05-31,12,0,22,34,0,0,0
2025-06-01,12,0,22,34,0,0,0
2025-06-02,12,2,20,34,2,0,0
2025-06-03,12,3,19,34,1,2,0
2025-06-04,12,4,18,34,1,1,2
2025-06-05,12,2,20,34,0,1,1
2025-06-06,12,1,21,34,0,0,1
2025-06-07,12,0,22,34,0,0,0
2025-06-08,12,0,22,34,0,0,0
2025-06-09,11,0,23,34,0,0,0
2025-06-10,11,0,23,34,0,0,0
2025-06-11,11,1,22,34,1,0,0
2025-06-12,10,1,23,34,0,1,0
2025-06-13,10,1,23,34,0,0,1
2025-06-14,10,0,24,34,0,0,0
2025-06-16,10,0,24,34,0,0,0
